OBJECTID,VALUE,COUNT,CLASSNAME,EVT_FUEL,EVT_FUEL_N,EVT_LF,EVT_GP,EVT_PHYS,EVT_GP_N,SAF_SRM,EVT_ORDER,EVT_CLASS,EVT_SBCLS,R,G,B,RED,GREEN,BLUE
1,0,81720857,,0,,,,,,,,,,0,0,0,0.00000000000,0.00000000000,0.00000000000
2,3181,153,Introduced Upland Vegetation-Annual Grassland,2181,He Introduced Upland Vegetation-Annual Grassland,Herb,702,Exotic Herbaceous,Introduced Annual Grassland,LF 54: Introduced Upland Vegetation - Herbaceous,Herbaceous / Nonvascular-dominated,Herbaceous - grassland,Annual Graminoid/Forb,255,105,46,1.00000000000,0.41176500000,0.18039200000
3,3182,9211,Introduced Upland Vegetation-Perennial Grassland and Forbland,2182,He Introduced Upland Vegetation-Perennial Grassland and Forbland,Herb,703,Exotic Herbaceous,Introduced Perennial Grassland and Forbland,LF 54: Introduced Upland Vegetation - Herbaceous,Herbaceous / Nonvascular-dominated,Herbaceous - grassland,Perennial graminoid grassland,255,105,46,1.00000000000,0.41176500000,0.18039200000
4,3185,28,Introduced Forest Wetland,2185,Tr Introduced Wetland Vegetation,Tree,705,Exotic Tree-Shrub,Introduced Wetland Vegetation,LF 59: Introduced Herbaceous Wetland and Riparian Vegetation,Tree-dominated,Open tree canopy,Evergreen open tree canopy,0,132,168,0.00000000000,0.51764700000,0.65882400000
5,3186,106770,Introduced Upland Vegetation-Shrub,2186,Sh Introduced Upland Vegetation-Shrub,Shrub,706,Shrubland,Introduced Upland Vegetation-Shrub,LF 52: Introduced Upland Vegetation - Shrub,Shrub-dominated,Shrubland,Mixed evergreen-deciduous shrubland,255,105,46,1.00000000000,0.41176500000,0.18039200000
6,3187,42463,Introduced Upland Vegetation-Treed,2187,Tr Introduced Upland Vegetation-Treed,Tree,707,Exotic Tree-Shrub,Introduced Upland Vegetation-Treed,LF 51: Introduced Upland Vegetation - Tree,Tree-dominated,Open tree canopy,Mixed evergreen-deciduous open tree canopy,255,105,46,1.00000000000,0.41176500000,0.18039200000
7,3191,1599842,Recently Logged-Herb and Grass Cover,2191,He Recently Logged-Herb and Grass Cover,Herb,710,Grassland,Transitional Herbacous Vegetation,LF 62: Recently Logged - Herbaceous,Herbaceous / Nonvascular-dominated,Herbaceous - grassland,Perennial graminoid grassland,255,68,25,1.00000000000,0.26666700000,0.09803900000
8,3195,1395889,Recently Burned-Herb and Grass Cover,2195,He Recently Burned-Herb and Grass Cover,Herb,710,Grassland,Transitional Herbacous Vegetation,LF 66: Recently Burned - Herbaceous,Herbaceous / Nonvascular-dominated,Herbaceous - grassland,Perennial Graminoid or Annual Gramminoid/Forb,255,59,20,1.00000000000,0.23137300000,0.07843100000
9,3199,10000,Introduced Herbaceous Wetland,2185,Tr Introduced Wetland Vegetation,Herb,705,Exotic Tree-Shrub,Introduced Wetland Vegetation,LF 59: Introduced Herbaceous Wetland and Riparian Vegetation,Herbaceous / Nonvascular-dominated,Herbaceous - grassland,Perennial Graminoid or Annual Gramminoid/Forb,0,132,168,0.00000000000,0.51764700000,0.65882400000
10,3247,189,Southern Appalachian Grass Bald,2414,Sh Southern Appalachian Grass and Shrub Bald,Herb,670,Conifer-Hardwood,Glades and Barrens,LF 55: Appalachian Grass and Shrub Balds,Herbaceous / Nonvascular-dominated,Herbaceous - grassland,Perennial graminoid grassland,82,52,34,0.32156900000,0.20392200000,0.13333300000
11,3248,86,Northern Atlantic Coastal Plain Dune and Swale Grassland,2436,Sh Northern Atlantic Coastal Plain Dune and Swale,Herb,654,Grassland,Atlantic Dunes and Grasslands,LF 57: Dunes and Maritime Grasslands,Herbaceous / Nonvascular-dominated,Herbaceous - grassland,Perennial graminoid grassland,255,98,41,1.00000000000,0.38431400000,0.16078400000
12,3249,4223944,Atlantic Coastal Plain Peatland Pocosin and Canebrake Shrubland,2452,Tr Atlantic Coastal Plain Peatland Pocosin and Canebrake,Shrub,687,Shrubland,Pocosin,LF 48: Pocosin,Shrub-dominated,Shrubland,Mixed evergreen-deciduous shrubland,91,195,199,0.35686300000,0.76470600000,0.78039200000
13,3274,4615,Central Interior and Appalachian Floodplain Herbaceous,2471,Tr Central Interior and Appalachian Floodplain Systems,Herb,666,Riparian,Eastern Floodplain Forests,SAF 61: River Birch-Sycamore,Tree-dominated,Open tree canopy,Perennial graminoid grassland,0,92,0,0.00000000000,0.36078400000,0.00000000000
14,3275,17783,Central Interior and Appalachian Floodplain Shrubland,2471,Tr Central Interior and Appalachian Floodplain Systems,Shrub,666,Riparian,Eastern Floodplain Forests,SAF 61: River Birch-Sycamore,Tree-dominated,Open tree canopy,Mixed evergreen-deciduous shrubland,0,92,0,0.00000000000,0.36078400000,0.00000000000
15,3280,72,Central Interior and Appalachian Swamp Shrubland,2479,Tr Central Interior and Appalachian Swamp Systems,Shrub,694,Riparian,Atlantic Swamp Forests,SAF 61: River Birch-Sycamore,Tree-dominated,Open tree canopy,Mixed evergreen-deciduous shrubland,0,92,0,0.00000000000,0.36078400000,0.00000000000
16,3292,17013019,Open Water,11,Ba Open Water,Water,11,Open Water,Open Water,Non-vegetated,Non-vegetated,Non-vegetated,Non-vegetated,0,0,255,0.00000000000,0.00000000000,1.00000000000
17,3294,982209,Barren,31,Bab Barren,Barren,31,Barren,Barren,Non-vegetated,Non-vegetated,Non-vegetated,Non-vegetated,191,191,191,0.74902000000,0.74902000000,0.74902000000
18,3295,160693,Quarries-Strip Mines-Gravel Pits,32,Bab Quarries-Strip Mines-Gravel Pits,Barren,32,Quarries-Strip Mines-Gravel Pits,Quarries-Strip Mines-Gravel Pits,Non-vegetated,Non-vegetated,Non-vegetated,Developed,191,191,191,0.74902000000,0.74902000000,0.74902000000
19,3296,3483190,Developed-Low Intensity,2902,Bau Developed-Low Intensity,Developed,22,Developed-Low Intensity,Developed-Low Intensity,No Dominant Lifeform,No Dominant Lifeform,No Dominant Lifeform,Developed,255,122,143,1.00000000000,0.47843100000,0.56078400000
20,3297,1032301,Developed-Medium Intensity,2903,Bau Developed-Medium Intensity,Developed,23,Developed-Medium Intensity,Developed-Medium Intensity,No Dominant Lifeform,No Dominant Lifeform,No Dominant Lifeform,Developed,253,44,79,0.99215700000,0.17254900000,0.30980400000
21,3298,410438,Developed-High Intensity,2904,Bau Developed-High Intensity,Developed,24,Developed-High Intensity,Developed-High Intensity,No Dominant Lifeform,No Dominant Lifeform,No Dominant Lifeform,Developed,173,0,28,0.67843100000,0.00000000000,0.10980400000
22,3299,9162636,Developed-Roads,2905,Bau Developed-Roads,Developed,25,Developed-Roads,Developed-Roads,No Dominant Lifeform,No Dominant Lifeform,No Dominant Lifeform,Developed,255,255,255,1.00000000000,1.00000000000,1.00000000000
23,3300,19269,Central Interior and Appalachian Riparian Herbaceous,2472,Tr Central Interior and Appalachian Riparian Systems,Herb,668,Riparian,Eastern Small Stream Riparian Forests,SAF 61: River Birch-Sycamore,Tree-dominated,Open tree canopy,Mixed evergreen-deciduous open tree canopy,0,92,0,0.00000000000,0.36078400000,0.00000000000
24,3303,401089,Northeastern Interior Dry-Mesic Oak Forest,2303,Tr Northeastern Interior Dry-Mesic Oak Forest,Tree,660,Hardwood,White Oak-Red Oak-Hickory Forest and Woodland,SAF 52: White Oak-Black Oak-Northern Red Oak,Tree-dominated,Closed tree canopy,Deciduous closed tree canopy,85,187,194,0.33333300000,0.73333300000,0.76078400000
25,3309,419728,Southern Appalachian Northern Hardwood Forest,2309,Tr Southern Appalachian Northern Hardwood Forest,Tree,682,Hardwood,Yellow Birch-Sugar Maple Forest,SAF 55: Northern Red Oak,Tree-dominated,Closed tree canopy,Deciduous closed tree canopy,216,216,191,0.84705900000,0.84705900000,0.74902000000
26,3315,4741909,Southern Appalachian Oak Forest,2315,Tr Southern Appalachian Oak Forest,Tree,661,Hardwood,Chestnut Oak Forest and Woodland,SAF 44: Chestnut Oak,Tree-dominated,Closed tree canopy,Deciduous closed tree canopy,13,69,133,0.05098000000,0.27058800000,0.52156900000
27,3316,10753897,Southern Piedmont Mesic Forest,2316,Tr Southern Piedmont Mesic Forest,Tree,667,Hardwood,White Oak-Beech Forest and Woodland,SAF 52: White Oak-Black Oak-Northern Red Oak,Tree-dominated,Closed tree canopy,Deciduous closed tree canopy,85,187,194,0.33333300000,0.73333300000,0.76078400000
28,3317,1338127,Allegheny-Cumberland Dry Oak Forest and Woodland,2317,Tr Allegheny-Cumberland Dry Oak Forest and Woodland,Tree,661,Hardwood,Chestnut Oak Forest and Woodland,SAF 44: Chestnut Oak,Tree-dominated,Closed tree canopy,Deciduous closed tree canopy,13,69,133,0.05098000000,0.27058800000,0.52156900000
29,3318,6803890,Southern and Central Appalachian Cove Forest,2318,Tr Southern and Central Appalachian Cove Forest,Tree,655,Hardwood,Beech-Maple-Basswood Forest,SAF 58: Yellow Poplar-Eastern Hemlock,Tree-dominated,Closed tree canopy,Deciduous closed tree canopy,18,76,135,0.07058800000,0.29803900000,0.52941200000
30,3319,69698,Central Interior and Appalachian Riparian Shrubland,2472,Tr Central Interior and Appalachian Riparian Systems,Shrub,668,Riparian,Eastern Small Stream Riparian Forests,SAF 61: River Birch-Sycamore,Tree-dominated,Open tree canopy,Mixed evergreen-deciduous open tree canopy,0,92,0,0.00000000000,0.36078400000,0.00000000000
31,3320,618621,Central and Southern Appalachian Montane Oak Forest,2320,Tr Central and Southern Appalachian Montane Oak Forest,Tree,681,Hardwood,Montane Oak Forest,SAF 52: White Oak-Black Oak-Northern Red Oak,Tree-dominated,Closed tree canopy,Deciduous closed tree canopy,85,187,194,0.33333300000,0.73333300000,0.76078400000
32,3321,1363209,South-Central Interior Mesophytic Forest,2321,Tr South-Central Interior Mesophytic Forest,Tree,655,Hardwood,Beech-Maple-Basswood Forest,SAF 60: Sugar Maple-Beech,Tree-dominated,Closed tree canopy,Deciduous closed tree canopy,0,38,115,0.00000000000,0.14902000000,0.45098000000
33,3324,76812,Northern Atlantic Coastal Plain Hardwood Forest,2324,Tr Northern Atlantic Coastal Plain Hardwood Forest,Tree,658,Hardwood,Coastal Plain Oak Forest,SAF 52: White Oak-Black Oak-Northern Red Oak,Tree-dominated,Closed tree canopy,Deciduous closed tree canopy,85,187,194,0.33333300000,0.73333300000,0.76078400000
34,3332,281920,Gulf and Atlantic Coastal Plain Floodplain Herbaceous,2473,Tr Gulf and Atlantic Coastal Plain Floodplain Systems,Herb,666,Riparian,Eastern Floodplain Forests,SAF 92: Sweetgum-Willow Oak,Tree-dominated,Open tree canopy,Mixed evergreen-deciduous open tree canopy,145,255,115,0.56862700000,1.00000000000,0.45098000000
35,3335,3119573,Southern Atlantic Coastal Plain Dry and Dry-Mesic Oak Forest,2335,Tr Southern Atlantic Coastal Plain Dry and Dry-Mesic Oak Forest,Tree,658,Hardwood,Coastal Plain Oak Forest,SAF 72: Southern Scrub Oak,Tree-dominated,Closed tree canopy,Deciduous closed tree canopy,145,255,115,0.56862700000,1.00000000000,0.45098000000
36,3340,16840,Appalachian Shale Barrens,2340,Tr Appalachian Shale Barrens,Tree,664,Conifer-Hardwood,Chestnut Oak-Virginia Pine Forest and Woodland,LF 55: Appalachian Grass and Shrub Balds,Tree-dominated,Open tree canopy,Deciduous open tree canopy,82,52,34,0.32156900000,0.20392200000,0.13333300000
37,3342,179282,Piedmont Hardpan Woodland and Forest,2342,Tr Piedmont Hardpan Woodland and Forest,Tree,662,Hardwood,Post Oak Woodland and Savanna,SAF 40: Post Oak-Blackjack Oak,Tree-dominated,Open tree canopy,Deciduous open tree canopy,85,187,194,0.33333300000,0.73333300000,0.76078400000
38,3343,8943134,Southern Atlantic Coastal Plain Mesic Hardwood Forest,2343,Tr Southern Atlantic Coastal Plain Mesic Hardwood Forest,Tree,680,Hardwood,Sweetgum-Water Oak Forest,SAF 92: Sweetgum-Willow Oak,Tree-dominated,Closed tree canopy,Deciduous closed tree canopy,145,255,115,0.56862700000,1.00000000000,0.45098000000
39,3346,5540748,Atlantic Coastal Plain Fall-line Sandhills Longleaf Pine Woodland,2346,Tr Atlantic Coastal Plain Fall-line Sandhills Longleaf Pine Woodland,Tree,677,Conifer,Longleaf Pine Woodland,SAF 71: Longleaf Pine-Scrub Oak,Tree-dominated,Open tree canopy,Evergreen open tree canopy,116,214,204,0.45490200000,0.83921600000,0.80000000000
40,3347,1954841,Atlantic Coastal Plain Upland Longleaf Pine Woodland,2347,Tr Atlantic Coastal Plain Upland Longleaf Pine Woodland,Tree,677,Conifer,Longleaf Pine Woodland,SAF 71: Longleaf Pine-Scrub Oak,Tree-dominated,Open tree canopy,Evergreen open tree canopy,116,214,204,0.45490200000,0.83921600000,0.80000000000
41,3350,17885,Central and Southern Appalachian Spruce-Fir Forest,2350,Tr Central and Southern Appalachian Spruce-Fir Forest,Tree,693,Conifer-Hardwood,Spruce-Fir-Hardwood Forest,SAF 30: Red Spruce-Yellow Birch,Tree-dominated,Closed tree canopy,Evergreen closed tree canopy,159,255,128,0.62352900000,1.00000000000,0.50196100000
42,3351,84260,Southeastern Interior Longleaf Pine Woodland,2351,Tr Southeastern Interior Longleaf Pine Woodland,Tree,677,Conifer,Longleaf Pine Woodland,SAF 70: Longleaf Pine,Tree-dominated,Open tree canopy,Evergreen open tree canopy,116,214,204,0.45490200000,0.83921600000,0.80000000000
43,3352,357011,Southern Appalachian Montane Pine Forest and Woodland,2352,Tr Southern Appalachian Montane Pine Forest and Woodland,Tree,686,Conifer,Pitch Pine Woodlands,SAF 51: White Pine-Chestnut Oak,Tree-dominated,Open tree canopy,Evergreen open tree canopy,13,69,133,0.05098000000,0.27058800000,0.52156900000
44,3353,499625,Southern Appalachian Low-Elevation Pine Forest,2353,Tr Southern Appalachian Low-Elevation Pine Forest,Tree,695,Conifer,Virginia Pine Forest,SAF 79: Virginia Pine,Tree-dominated,Closed tree canopy,Evergreen closed tree canopy,10,61,128,0.03921600000,0.23921600000,0.50196100000
45,3357,45463,Southern Coastal Plain Mesic Slope Forest,2357,Tr Southern Coastal Plain Mesic Slope Forest,Tree,680,Hardwood,Sweetgum-Water Oak Forest,SAF 88: Willow Oak-Water Oak-Diamondleaf Oak,Tree-dominated,Closed tree canopy,Evergreen closed tree canopy,145,255,115,0.56862700000,1.00000000000,0.45098000000
46,3359,512663,Gulf and Atlantic Coastal Plain Floodplain Shrubland,2473,Tr Gulf and Atlantic Coastal Plain Floodplain Systems,Shrub,666,Riparian,Eastern Floodplain Forests,SAF 92: Sweetgum-Willow Oak,Tree-dominated,Open tree canopy,Mixed evergreen-deciduous open tree canopy,145,255,115,0.56862700000,1.00000000000,0.45098000000
47,3361,298848,Central Atlantic Coastal Plain Maritime Forest,2361,Tr Central Atlantic Coastal Plain Maritime Forest,Tree,679,Hardwood,Maritime Forest,SAF 74: Cabbage Palmetto,Tree-dominated,Closed tree canopy,Evergreen closed tree canopy,107,209,206,0.41960800000,0.81960800000,0.80784300000
48,3368,4247436,Southern Piedmont Dry Pine Forest,2368,Tr Southern Piedmont Dry Pine Forest,Tree,664,Conifer-Hardwood,Chestnut Oak-Virginia Pine Forest and Woodland,SAF 59: Yellow Poplar-White Oak-Northern Red Oak,Tree-dominated,Closed tree canopy,Mixed evergreen-deciduous closed tree canopy,159,255,128,0.62352900000,1.00000000000,0.50196100000
49,3369,3672,Central Appalachian Dry Pine Forest,2369,Tr Central Appalachian Dry Pine Forest,Tree,664,Conifer-Hardwood,Chestnut Oak-Virginia Pine Forest and Woodland,SAF 44: Chestnut Oak,Tree-dominated,Closed tree canopy,Mixed evergreen-deciduous closed tree canopy,13,69,133,0.05098000000,0.27058800000,0.52156900000
50,3370,5899,Appalachian Hemlock Forest,2370,Tr Appalachian Hemlock Forest,Tree,685,Conifer,Pine-Hemlock-Hardwood Forest,SAF 60: Sugar Maple-Beech,Tree-dominated,Closed tree canopy,Mixed evergreen-deciduous closed tree canopy,0,38,115,0.00000000000,0.14902000000,0.45098000000
51,3375,100468,Eastern Serpentine Woodland,2375,Tr Eastern Serpentine Woodland,Tree,670,Conifer-Hardwood,Glades and Barrens,SAF 46: Eastern Redcedar,Tree-dominated,Open tree canopy,Mixed evergreen-deciduous open tree canopy,0,38,115,0.00000000000,0.14902000000,0.45098000000
52,3376,96772,Southern Ridge and Valley/Cumberland Dry Calcareous Forest,2376,Tr Southern Ridge and Valley/Cumberland Dry Calcareous Forest,Tree,660,Hardwood,White Oak-Red Oak-Hickory Forest and Woodland,SAF 52: White Oak-Black Oak-Northern Red Oak,Tree-dominated,Closed tree canopy,Mixed evergreen-deciduous closed tree canopy,85,187,194,0.33333300000,0.73333300000,0.76078400000
53,3377,5036,Central Appalachian Rocky Pine Woodland,2377,Tr Central Appalachian Rocky Pine Woodland,Tree,664,Conifer-Hardwood,Chestnut Oak-Virginia Pine Forest and Woodland,SAF 44: Chestnut Oak,Tree-dominated,Open tree canopy,Mixed evergreen-deciduous open tree canopy,13,69,133,0.05098000000,0.27058800000,0.52156900000
54,3379,142,Northern Atlantic Coastal Plain Maritime Forest,2379,Tr Northern Atlantic Coastal Plain Maritime Forest,Tree,679,Hardwood,Maritime Forest,SAF 81: Loblolly Pine,Tree-dominated,Closed tree canopy,Mixed evergreen-deciduous closed tree canopy,145,255,115,0.56862700000,1.00000000000,0.45098000000
55,3382,87029,Southern Atlantic Coastal Plain Maritime Forest,2382,Tr Southern Atlantic Coastal Plain Maritime Forest,Tree,679,Hardwood,Maritime Forest,SAF 74: Cabbage Palmetto,Tree-dominated,Closed tree canopy,Mixed evergreen-deciduous closed tree canopy,107,209,206,0.41960800000,0.81960800000,0.80784300000
56,3396,238029,Gulf and Atlantic Coastal Plain Tidal Marsh Herbaceous,2490,Sh Gulf and Atlantic Coastal Plain Tidal Marsh Systems,Herb,653,Riparian,Atlantic Coastal Marsh,SRM 818: Florida Salt Marsh,Herbaceous / Nonvascular-dominated,Herbaceous - grassland,Perennial graminoid grassland,255,153,0,1.00000000000,0.60000000000,0.00000000000
57,3400,38550,Central Appalachian Alkaline Glade and Woodland,2400,Tr Central Appalachian Alkaline Glade and Woodland,Tree,670,Conifer-Hardwood,Glades and Barrens,LF 55: Appalachian Grass and Shrub Balds,Tree-dominated,Sparse tree canopy,Mixed evergreen-deciduous sparse tree canopy,82,52,34,0.32156900000,0.20392200000,0.13333300000
58,3406,15587071,Southern Piedmont Dry Oak Forest,2406,Tr Southern Piedmont Dry Oak Forest,Tree,664,Hardwood,Chestnut Oak-Virginia Pine Forest and Woodland,SAF 59: Yellow Poplar-White Oak-Northern Red Oak,Tree-dominated,Closed tree canopy,Mixed evergreen-deciduous closed tree canopy,159,255,128,0.62352900000,1.00000000000,0.50196100000
59,3414,161,Southern Appalachian Shrub Bald,2414,Sh Southern Appalachian Grass and Shrub Bald,Shrub,670,Conifer-Hardwood,Glades and Barrens,LF 55: Appalachian Grass and Shrub Balds,Herbaceous / Nonvascular-dominated,Herbaceous - grassland,Perennial graminoid grassland,82,52,34,0.32156900000,0.20392200000,0.13333300000
60,3419,1544,Southern Ridge and Valley Patch Prairie,2419,He Southern Ridge and Valley Patch Prairie,Herb,688,Grassland,Prairies and Barrens,LF 55: Appalachian Grass and Shrub Balds,Herbaceous / Nonvascular-dominated,Herbaceous - grassland,Perennial graminoid grassland,82,52,34,0.32156900000,0.20392200000,0.13333300000
61,3426,9508,Southern Atlantic Coastal Plain Dune and Maritime Grassland,2426,He Southern Atlantic Coastal Plain Dune and Maritime Grassland,Herb,654,Grassland,Atlantic Dunes and Grasslands,SRM 723: Sea Oats,Herbaceous / Nonvascular-dominated,Herbaceous - grassland,Perennial graminoid grassland,255,153,0,1.00000000000,0.60000000000,0.00000000000
62,3436,39903,Northern Atlantic Coastal Plain Dune and Swale Shrubland,2436,Sh Northern Atlantic Coastal Plain Dune and Swale,Shrub,654,Grassland,Atlantic Dunes and Grasslands,LF 57: Dunes and Maritime Grasslands,Herbaceous / Nonvascular-dominated,Herbaceous - grassland,Perennial graminoid grassland,255,98,41,1.00000000000,0.38431400000,0.16078400000
63,3448,1143903,Southern Piedmont Dry Oak-Pine Forest,2448,Tr Southern Piedmont Dry Oak-Pine Forest,Tree,664,Hardwood-Conifer,Chestnut Oak-Virginia Pine Forest and Woodland,SAF 59: Yellow Poplar-White Oak-Northern Red Oak,Tree-dominated,Closed tree canopy,Mixed evergreen-deciduous closed tree canopy,159,255,128,0.62352900000,1.00000000000,0.50196100000
64,3449,4824797,Central Atlantic Coastal Plain Wet Longleaf Pine Savanna and Flatwoods,2449,Tr Central Atlantic Coastal Plain Wet Longleaf Pine Savanna and Flatwoods,Tree,684,Conifer,Pine Flatwoods,SAF 98 : Pond Pine,Tree-dominated,Open tree canopy,Evergreen open tree canopy,116,214,204,0.45490200000,0.83921600000,0.80000000000
65,3450,2602,Southern Atlantic Coastal Plain Wet Pine Savanna and Flatwoods,2450,Tr Southern Atlantic Coastal Plain Wet Pine Savanna and Flatwoods,Tree,684,Conifer,Pine Flatwoods,SAF 83: Longleaf Pine-Slash Pine,Tree-dominated,Open tree canopy,Evergreen open tree canopy,116,214,204,0.45490200000,0.83921600000,0.80000000000
66,3452,616281,Atlantic Coastal Plain Peatland Pocosin and Canebrake Woodland,2452,Tr Atlantic Coastal Plain Peatland Pocosin and Canebrake,Tree,687,Shrubland,Pocosin,LF 48: Pocosin,Shrub-dominated,Shrubland,Mixed evergreen-deciduous shrubland,91,195,199,0.35686300000,0.76470600000,0.78039200000
67,3459,30367,Atlantic Coastal Plain Clay-Based Carolina Bay Wetland,2459,Tr Atlantic Coastal Plain Clay-Based Carolina Bay Wetland,Tree,657,Hardwood,Cypress,SAF 100: Pond Cypress,Tree-dominated,Open tree canopy,Mixed evergreen-deciduous open tree canopy,91,195,199,0.35686300000,0.76470600000,0.78039200000
68,3463,80471,Central Appalachian Dry Oak Forest,2463,Tr Central Appalachian Dry Oak Forest,Tree,664,Conifer-Hardwood,Chestnut Oak-Virginia Pine Forest and Woodland,SAF 44: Chestnut Oak,Tree-dominated,Closed tree canopy,Mixed evergreen-deciduous closed tree canopy,13,69,133,0.05098000000,0.27058800000,0.52156900000
69,3468,1765325,Atlantic Coastal Plain Streamhead Seepage Swamp-Pocosin-Baygall,2468,Tr Atlantic Coastal Plain Streamhead Seepage Swamp-Pocosin-Baygall,Tree,694,Riparian,Atlantic Swamp Forests,LF 46: Atlantic Coastal Plain Swamp,Tree-dominated,Open tree canopy,Mixed evergreen-deciduous open tree canopy,216,216,191,0.84705900000,0.84705900000,0.74902000000
70,3471,372880,Central Interior and Appalachian Floodplain Forest,2471,Tr Central Interior and Appalachian Floodplain Systems,Tree,666,Riparian,Eastern Floodplain Forests,SAF 61: River Birch-Sycamore,Tree-dominated,Open tree canopy,Mixed evergreen-deciduous open tree canopy,0,92,0,0.00000000000,0.36078400000,0.00000000000
71,3472,1347348,Central Interior and Appalachian Riparian Forest,2472,Tr Central Interior and Appalachian Riparian Systems,Tree,668,Riparian,Eastern Small Stream Riparian Forests,SAF 61: River Birch-Sycamore,Tree-dominated,Open tree canopy,Mixed evergreen-deciduous open tree canopy,0,92,0,0.00000000000,0.36078400000,0.00000000000
72,3473,7406641,Gulf and Atlantic Coastal Plain Floodplain Forest,2473,Tr Gulf and Atlantic Coastal Plain Floodplain Systems,Tree,666,Riparian,Eastern Floodplain Forests,SAF 92: Sweetgum-Willow Oak,Tree-dominated,Open tree canopy,Mixed evergreen-deciduous open tree canopy,145,255,115,0.56862700000,1.00000000000,0.45098000000
73,3474,4965052,Gulf and Atlantic Coastal Plain Small Stream Riparian Woodland,2474,Tr Gulf and Atlantic Coastal Plain Small Stream Riparian Systems,Tree,668,Riparian,Eastern Small Stream Riparian Forests,SAF 92: Sweetgum-Willow Oak,Tree-dominated,Open tree canopy,Mixed evergreen-deciduous open tree canopy,145,255,115,0.56862700000,1.00000000000,0.45098000000
74,3479,1968,Central Interior and Appalachian Swamp Forest,2479,Tr Central Interior and Appalachian Swamp Systems,Tree,694,Riparian,Atlantic Swamp Forests,SAF 61: River Birch-Sycamore,Tree-dominated,Open tree canopy,Mixed evergreen-deciduous open tree canopy,0,92,0,0.00000000000,0.36078400000,0.00000000000
75,3480,1346816,Gulf and Atlantic Coastal Plain Swamp Systems,2480,Tr Gulf and Atlantic Coastal Plain Swamp Systems,Tree,694,Riparian,Atlantic Swamp Forests,LF 46: Atlantic Coastal Plain Swamp,Tree-dominated,Open tree canopy,Mixed evergreen-deciduous open tree canopy,216,216,191,0.84705900000,0.84705900000,0.74902000000
76,3490,75839,Gulf and Atlantic Coastal Plain Tidal Marsh Shrubland,2490,Sh Gulf and Atlantic Coastal Plain Tidal Marsh Systems,Shrub,653,Riparian,Atlantic Coastal Marsh,SRM 818: Florida Salt Marsh,Herbaceous / Nonvascular-dominated,Herbaceous - grassland,Perennial graminoid grassland,255,153,0,1.00000000000,0.60000000000,0.00000000000
77,3497,12,Central Interior and Appalachian Sparsely Vegetated Systems,2497,Sps Central Interior and Appalachian Sparsely Vegetated Systems,Sparse,700,Sparsely Vegetated,Sparse Vegetation,LF 33: Sparsely Vegetated,No Dominant Lifeform,Sparsely vegetated,Sparsely vegetated,100,100,100,0.39215700000,0.39215700000,0.39215700000
78,3498,2277,Gulf and Atlantic Coastal Plain Sparsely Vegetated Systems,2498,Sps Gulf and Atlantic Coastal Plain Sparsely Vegetated Systems,Sparse,700,Sparsely Vegetated,Sparse Vegetation,LF 33: Sparsely Vegetated,No Dominant Lifeform,Sparsely vegetated,Sparsely vegetated,100,100,100,0.39215700000,0.39215700000,0.39215700000
79,3501,3069193,Southern Atlantic Coastal Plain Nonriverine Swamp and Wet Hardwood Forest,2501,Tr Southern Atlantic Coastal Plain Nonriverine Swamp and Wet Hardwood Forest,Tree,694,Riparian,Atlantic Swamp Forests,SAF 97: Atlantic White Cedar,Tree-dominated,Open tree canopy,Deciduous open tree canopy,216,216,191,0.84705900000,0.84705900000,0.74902000000
80,3502,1202,Central Appalachian Dry Oak-Pine Forest,2502,Tr Central Appalachian Dry Oak-Pine Forest,Tree,664,Conifer-Hardwood,Chestnut Oak-Virginia Pine Forest and Woodland,SAF 44: Chestnut Oak,Tree-dominated,Closed tree canopy,Mixed evergreen-deciduous closed tree canopy,13,69,133,0.05098000000,0.27058800000,0.52156900000
81,3511,55415,Appalachian Northern Hardwood Forest,2511,Tr Appalachian Northern Hardwood Forest,Tree,685,Hardwood,Pine-Hemlock-Hardwood Forest,SAF 60: Sugar Maple-Beech,Tree-dominated,Closed tree canopy,Mixed evergreen-deciduous closed tree canopy,0,38,115,0.00000000000,0.14902000000,0.45098000000
82,3512,1562,Appalachian Hemlock-Northern Hardwood Forest,2512,Tr Appalachian Hemlock-Northern Hardwood Forest,Tree,685,Conifer-Hardwood,Pine-Hemlock-Hardwood Forest,SAF 60: Sugar Maple-Beech,Tree-dominated,Closed tree canopy,Mixed evergreen-deciduous closed tree canopy,0,38,115,0.00000000000,0.14902000000,0.45098000000
83,3518,381,North-Central Interior Wet Flatwoods,2518,Tr North-Central Interior Wet Flatwoods,Tree,673,Hardwood,Hardwood Flatwoods,SAF 65: Pin Oak-Sweetgum,Tree-dominated,Closed tree canopy,Deciduous closed tree canopy,145,255,115,0.56862700000,1.00000000000,0.45098000000
84,3528,60,Ruderal Upland Shrubland,2531,Tr Ruderal Upland Vegetation,Shrub,740,Conifer-Hardwood,Ruderal Forest,LF 53: Ruderal Forest,Shrub-dominated,Shrubland,Mixed evergreen-deciduous shrubland,255,59,20,1.00000000000,0.23137300000,0.07843100000
85,3529,41323,Ruderal Upland Herbaceous,2531,Tr Ruderal Upland Vegetation,Herb,740,Conifer-Hardwood,Ruderal Forest,LF 53: Ruderal Forest,Shrub-dominated,Shrubland,Mixed evergreen-deciduous shrubland,255,59,20,1.00000000000,0.23137300000,0.07843100000
86,3532,943843,Ruderal Forest-Northern and Central Hardwood and Conifer,2532,Tr Ruderal Forest-Northern and Central Hardwood and Conifer,Tree,740,Conifer-Hardwood,Ruderal Forest,LF 53: Ruderal Forest,Tree-dominated,Closed tree canopy,Mixed evergreen-deciduous closed tree canopy,255,59,20,1.00000000000,0.23137300000,0.07843100000
87,3533,9536839,Ruderal Forest-Southeast Hardwood and Conifer,2533,Tr Ruderal Forest-Southeast Hardwood and Conifer,Tree,740,Conifer-Hardwood,Ruderal Forest,LF 53: Ruderal Forest,Tree-dominated,Closed tree canopy,Mixed evergreen-deciduous closed tree canopy,255,59,20,1.00000000000,0.23137300000,0.07843100000
88,3534,67530,Managed Tree Plantation-Northern and Central Hardwood and Conifer Plantation Group,2534,Tr Managed Tree Plantation-Northern and Central Hardwood and Conifer Plantation Group,Tree,731,Conifer,Managed Tree Plantation,LF 61: Managed Tree Plantation,Tree-dominated,Closed tree canopy,Mixed evergreen-deciduous closed tree canopy,158,67,14,0.61960800000,0.26274500000,0.05490200000
89,3535,23455227,Managed Tree Plantation-Southeast Conifer and Hardwood Plantation Group,2535,Tr Managed Tree Plantation-Southeast Conifer and Hardwood Plantation Group,Tree,731,Conifer,Managed Tree Plantation,LF 61: Managed Tree Plantation,Tree-dominated,Closed tree canopy,Mixed evergreen-deciduous closed tree canopy,158,67,14,0.61960800000,0.26274500000,0.05490200000
90,3550,393151,Pinus taeda Forest Alliance,2550,Tr Pinus taeda Forest Alliance,Tree,697,Conifer,Loblolly Pine Forest and Woodland,SAF 81: Loblolly Pine,Tree-dominated,Closed tree canopy,Evergreen closed tree canopy,145,255,115,0.56862700000,1.00000000000,0.45098000000
91,3556,23216,Central Appalachian Rocky Oak Woodland,2556,Tr Central Appalachian Rocky Oak Woodland,Tree,664,Conifer-Hardwood,Chestnut Oak-Virginia Pine Forest and Woodland,SAF 44: Chestnut Oak,Tree-dominated,Open tree canopy,Mixed evergreen-deciduous open tree canopy,13,69,133,0.05098000000,0.27058800000,0.52156900000
92,3557,1923,Central Appalachian Rocky Pine-Oak Woodland,2557,Tr Central Appalachian Rocky Pine-Oak Woodland,Tree,664,Conifer-Hardwood,Chestnut Oak-Virginia Pine Forest and Woodland,SAF 44: Chestnut Oak,Tree-dominated,Open tree canopy,Mixed evergreen-deciduous open tree canopy,13,69,133,0.05098000000,0.27058800000,0.52156900000
93,3569,21361,Central Atlantic Coastal Plain Wet Longleaf Pine Savanna and Shrubland,2449,Tr Central Atlantic Coastal Plain Wet Longleaf Pine Savanna and Flatwoods,Shrub,684,Conifer,Pine Flatwoods,SAF 98 : Pond Pine,Tree-dominated,Open tree canopy,Evergreen open tree canopy,116,214,204,0.45490200000,0.83921600000,0.80000000000
94,3573,148237,Gulf and Atlantic Coastal Plain Small Stream Riparian Herbaceous,2474,Tr Gulf and Atlantic Coastal Plain Small Stream Riparian Systems,Herb,668,Riparian,Eastern Small Stream Riparian Forests,SAF 92: Sweetgum-Willow Oak,Tree-dominated,Open tree canopy,Mixed evergreen-deciduous open tree canopy,145,255,115,0.56862700000,1.00000000000,0.45098000000
95,3574,383453,Gulf and Atlantic Coastal Plain Small Stream Riparian Shrubland,2474,Tr Gulf and Atlantic Coastal Plain Small Stream Riparian Systems,Shrub,668,Riparian,Eastern Small Stream Riparian Forests,SAF 92: Sweetgum-Willow Oak,Tree-dominated,Open tree canopy,Mixed evergreen-deciduous open tree canopy,145,255,115,0.56862700000,1.00000000000,0.45098000000
96,3905,528869,Eastern Cool Temperate Urban Deciduous Forest,2913,Dtd Urban Deciduous Forest,Tree,13,Developed,Developed-Upland Deciduous Forest,LF 20: Developed,Tree-dominated,Open tree canopy,Deciduous open tree canopy,112,68,137,0.43921600000,0.26666700000,0.53725500000
97,3906,794485,Eastern Cool Temperate Urban Evergreen Forest,2914,Dtc Urban Evergreen Forest,Tree,14,Developed,Developed-Upland Evergreen Forest,LF 20: Developed,Tree-dominated,Open tree canopy,Evergreen open tree canopy,170,102,205,0.66666700000,0.40000000000,0.80392200000
98,3907,661174,Eastern Cool Temperate Urban Mixed Forest,2915,Dtm Urban Mixed Deciduous-Evergreen Forest,Tree,15,Developed,Developed-Upland Mixed Forest,LF 20: Developed,Tree-dominated,Open tree canopy,Mixed evergreen-deciduous open tree canopy,194,158,215,0.76078400000,0.61960800000,0.84313700000
99,3908,2534765,Eastern Cool Temperate Urban Herbaceous,2916,Dgr Urban Herbaceous,Herb,16,Developed,Developed-Upland Herbaceous,LF 20: Developed,Herbaceous / Nonvascular-dominated,Herbaceous - grassland,Herbaceous - grassland,202,122,245,0.79215700000,0.47843100000,0.96078400000
100,3909,743875,Eastern Cool Temperate Urban Shrubland,2917,Dsh Urban Shrubland,Shrub,17,Developed,Developed-Upland Shrubland,LF 20: Developed,Shrub-dominated,Shrubland,Mixed evergreen-deciduous shrubland,207,171,215,0.81176500000,0.67058800000,0.84313700000
101,3915,42142,Eastern Warm Temperate Urban Urban Deciduous Forest,2913,Dtd Urban Deciduous Forest,Tree,13,Developed,Developed-Upland Deciduous Forest,LF 20: Developed,Tree-dominated,Open tree canopy,Deciduous open tree canopy,112,68,137,0.43921600000,0.26666700000,0.53725500000
102,3916,155317,Eastern Warm Temperate Urban Urban Evergreen Forest,2914,Dtc Urban Evergreen Forest,Tree,14,Developed,Developed-Upland Evergreen Forest,LF 20: Developed,Tree-dominated,Open tree canopy,Evergreen open tree canopy,170,102,205,0.66666700000,0.40000000000,0.80392200000
103,3917,53340,Eastern Warm Temperate Urban Urban Mixed Forest,2915,Dtm Urban Mixed Deciduous-Evergreen Forest,Tree,15,Developed,Developed-Upland Mixed Forest,LF 20: Developed,Tree-dominated,Open tree canopy,Mixed evergreen-deciduous open tree canopy,194,158,215,0.76078400000,0.61960800000,0.84313700000
104,3918,620951,Eastern Warm Temperate Urban Urban Herbaceous,2916,Dgr Urban Herbaceous,Herb,16,Developed,Developed-Upland Herbaceous,LF 20: Developed,Herbaceous / Nonvascular-dominated,Herbaceous - grassland,Herbaceous - grassland,202,122,245,0.79215700000,0.47843100000,0.96078400000
105,3919,239491,Eastern Warm Temperate Urban Urban Shrubland,2917,Dsh Urban Shrubland,Shrub,17,Developed,Developed-Upland Shrubland,LF 20: Developed,Shrub-dominated,Shrubland,Mixed evergreen-deciduous shrubland,207,171,215,0.81176500000,0.67058800000,0.84313700000
106,3930,1012158,Eastern Cool Temperate Developed Ruderal Deciduous Forest,2923,Dtd Developed Ruderal Deciduous Forest,Tree,13,Developed,Developed-Upland Deciduous Forest,LF 20: Developed,Tree-dominated,Open tree canopy,Deciduous open tree canopy,64,61,168,0.25098000000,0.23921600000,0.65882400000
107,3931,515296,Eastern Cool Temperate Developed Ruderal Evergreen Forest,2924,Dtc Developed Ruderal Evergreen Forest,Tree,14,Developed,Developed-Upland Evergreen Forest,LF 20: Developed,Tree-dominated,Open tree canopy,Evergreen open tree canopy,102,119,205,0.40000000000,0.46666700000,0.80392200000
108,3932,10389,Eastern Cool Temperate Developed Ruderal Mixed Forest,2925,Dtm Developed Ruderal Deciduous-Evergreen Forest,Tree,15,Developed,Developed-Upland Mixed Forest,LF 20: Developed,Tree-dominated,Open tree canopy,Mixed evergreen-deciduous open tree canopy,68,79,137,0.26666700000,0.30980400000,0.53725500000
109,3933,1387649,Eastern Cool Temperate Developed Ruderal Shrubland,2926,Dsh Developed Ruderal Shrubland,Shrub,17,Developed,Developed-Upland Shrubland,LF 20: Developed,Shrub-dominated,Shrubland,Mixed evergreen-deciduous shrubland,158,170,215,0.61960800000,0.66666700000,0.84313700000
110,3934,4389959,Eastern Cool Temperate Developed Ruderal Grassland,2927,Dgr Developed Ruderal Grassland,Herb,16,Developed,Developed-Upland Herbaceous,LF 20: Developed,Herbaceous / Nonvascular-dominated,Herbaceous - grassland,Herbaceous - grassland,122,142,245,0.47843100000,0.55686300000,0.96078400000
111,3935,22476,Eastern Warm Temperate Developed Ruderal Deciduous Forest,2923,Dtd Developed Ruderal Deciduous Forest,Tree,13,Developed,Developed-Upland Deciduous Forest,LF 20: Developed,Tree-dominated,Open tree canopy,Deciduous open tree canopy,64,61,168,0.25098000000,0.23921600000,0.65882400000
112,3936,221781,Eastern Warm Temperate Developed Ruderal Evergreen Forest,2924,Dtc Developed Ruderal Evergreen Forest,Tree,14,Developed,Developed-Upland Evergreen Forest,LF 20: Developed,Tree-dominated,Open tree canopy,Evergreen open tree canopy,102,119,205,0.40000000000,0.46666700000,0.80392200000
113,3937,2780,Eastern Warm Temperate Developed Ruderal Mixed Forest,2925,Dtm Developed Ruderal Deciduous-Evergreen Forest,Tree,15,Developed,Developed-Upland Mixed Forest,LF 20: Developed,Tree-dominated,Open tree canopy,Mixed evergreen-deciduous open tree canopy,68,79,137,0.26666700000,0.30980400000,0.53725500000
114,3938,959204,Eastern Warm Temperate Developed Ruderal Shrubland,2926,Dsh Developed Ruderal Shrubland,Shrub,17,Developed,Developed-Upland Shrubland,LF 20: Developed,Shrub-dominated,Shrubland,Mixed evergreen-deciduous shrubland,158,170,215,0.61960800000,0.66666700000,0.84313700000
115,3939,817635,Eastern Warm Temperate Developed Ruderal Grassland,2927,Dgr Developed Ruderal Grassland,Herb,16,Developed,Developed-Upland Herbaceous,LF 20: Developed,Herbaceous / Nonvascular-dominated,Herbaceous - grassland,Herbaceous - grassland,122,142,245,0.47843100000,0.55686300000,0.96078400000
116,3950,15235,Eastern Cool Temperate Undeveloped Ruderal Deciduous Forest,2933,Dtd Undeveloped Ruderal Deciduous Forest,Tree,13,Developed,Developed-Upland Deciduous Forest,LF 20: Developed,Tree-dominated,Open tree canopy,Deciduous open tree canopy,255,190,232,1.00000000000,0.74509800000,0.90980400000
117,3951,13625,Eastern Cool Temperate Undeveloped Ruderal Evergreen Forest,2934,Dtc Undeveloped Ruderal Evergreen Forest,Tree,14,Developed,Developed-Upland Evergreen Forest,LF 20: Developed,Tree-dominated,Open tree canopy,Evergreen open tree canopy,255,0,197,1.00000000000,0.00000000000,0.77254900000
118,3952,99,Eastern Cool Temperate Undeveloped Ruderal Mixed Forest,2935,Dtm Undeveloped Ruderal Deciduous-Evergreen Forest,Tree,15,Developed,Developed-Upland Mixed Forest,LF 20: Developed,Tree-dominated,Open tree canopy,Mixed evergreen-deciduous open tree canopy,255,115,223,1.00000000000,0.45098000000,0.87451000000
119,3953,30365,Eastern Cool Temperate Undeveloped Ruderal Shrubland,2936,Dsh Undeveloped Ruderal Shrubland,Shrub,17,Developed,Developed-Upland Shrubland,LF 20: Developed,Shrub-dominated,Shrubland,Mixed evergreen-deciduous shrubland,168,0,132,0.65882400000,0.00000000000,0.51764700000
120,3954,29874,Eastern Cool Temperate Undeveloped Ruderal Grassland,2937,Dgr Undeveloped Ruderal Grassland,Herb,16,Developed,Developed-Upland Herbaceous,LF 20: Developed,Herbaceous / Nonvascular-dominated,Herbaceous - grassland,Herbaceous - grassland,230,0,169,0.90196100000,0.00000000000,0.66274500000
121,3955,319,Eastern Warm Temperate Undeveloped Ruderal Deciduous Forest,2933,Dtd Undeveloped Ruderal Deciduous Forest,Tree,13,Developed,Developed-Upland Deciduous Forest,LF 20: Developed,Tree-dominated,Open tree canopy,Deciduous open tree canopy,255,190,232,1.00000000000,0.74509800000,0.90980400000
122,3956,6405,Eastern Warm Temperate Undeveloped Ruderal Evergreen Forest,2934,Dtc Undeveloped Ruderal Evergreen Forest,Tree,14,Developed,Developed-Upland Evergreen Forest,LF 20: Developed,Tree-dominated,Open tree canopy,Evergreen open tree canopy,255,0,197,1.00000000000,0.00000000000,0.77254900000
123,3957,34,Eastern Warm Temperate Undeveloped Ruderal Mixed Forest,2935,Dtm Undeveloped Ruderal Deciduous-Evergreen Forest,Tree,15,Developed,Developed-Upland Mixed Forest,LF 20: Developed,Tree-dominated,Open tree canopy,Mixed evergreen-deciduous open tree canopy,255,115,223,1.00000000000,0.45098000000,0.87451000000
124,3958,31144,Eastern Warm Temperate Undeveloped Ruderal Shrubland,2936,Dsh Undeveloped Ruderal Shrubland,Shrub,17,Developed,Developed-Upland Shrubland,LF 20: Developed,Shrub-dominated,Shrubland,Mixed evergreen-deciduous shrubland,168,0,132,0.65882400000,0.00000000000,0.51764700000
125,3959,14175,Eastern Warm Temperate Undeveloped Ruderal Grassland,2937,Dgr Undeveloped Ruderal Grassland,Herb,16,Developed,Developed-Upland Herbaceous,LF 20: Developed,Herbaceous / Nonvascular-dominated,Herbaceous - grassland,Herbaceous - grassland,230,0,169,0.90196100000,0.00000000000,0.66274500000
126,3970,68136,Eastern Cool Temperate Orchard,2960,Dab Orchard,Tree,60,Agricultural,Agricultural-Orchard,LF 80: Agriculture,Tree-dominated,Open tree canopy,Deciduous open tree canopy,210,28,94,0.82352900000,0.10980400000,0.36862700000
127,3971,418,Eastern Cool Temperate Vineyard,2961,Da Vineyard,Agriculture,61,Agricultural,Agricultural-Vineyard,LF 80: Agriculture,Shrub-dominated,Shrubland,Mixed evergreen-deciduous shrubland,168,0,132,0.65882400000,0.00000000000,0.51764700000
128,3972,521,Eastern Cool Temperate Bush fruit and berries,2962,Dab Bush Fruit and Berries,Shrub,62,Agricultural,Agricultural-Bush fruit and berries,LF 80: Agriculture,Shrub-dominated,Shrubland,Mixed evergreen-deciduous shrubland,210,28,119,0.82352900000,0.10980400000,0.46666700000
129,3973,127361,Eastern Cool Temperate Row Crop - Close Grown Crop,2963,Da Row Crop - Close Grown Crop,Agriculture,63,Agricultural,Agricultural-Row Crop-Close Grown Crop,LF 80: Agriculture,Herbaceous / Nonvascular-dominated,Herbaceous - grassland,Annual Graminoid/Forb,255,245,140,1.00000000000,0.96078400000,0.54902000000
130,3974,12835130,Eastern Cool Temperate Row Crop,2964,Da Row Crop,Agriculture,64,Agricultural,Agricultural-Row Crop,LF 80: Agriculture,Herbaceous / Nonvascular-dominated,Herbaceous - grassland,Annual Graminoid/Forb,250,255,119,0.98039200000,1.00000000000,0.46666700000
131,3975,2584400,Eastern Cool Temperate Close Grown Crop,2965,Da Close Grown Crop,Agriculture,65,Agricultural,Agricultural-Close Grown Crop,LF 80: Agriculture,Herbaceous / Nonvascular-dominated,Herbaceous - grassland,Annual Graminoid/Forb,255,237,119,1.00000000000,0.92941200000,0.46666700000
132,3976,2376808,Eastern Cool Temperate Fallow/Idle Cropland,2966,Dab Fallow/Idle Cropland,Herb,66,Agricultural,Agricultural-Fallow/Idle Cropland,LF 80: Agriculture,Herbaceous / Nonvascular-dominated,Herbaceous - grassland,Annual Graminoid/Forb,255,255,119,1.00000000000,1.00000000000,0.46666700000
133,3977,16916593,Eastern Cool Temperate Pasture and Hayland,2967,Dab Pasture and Hayland,Herb,67,Agricultural,Agricultural-Pasture and Hayland,LF 80: Agriculture,Herbaceous / Nonvascular-dominated,Herbaceous - grassland,Annual Graminoid/Forb,227,212,28,0.89019600000,0.83137300000,0.10980400000
134,3978,176375,Eastern Cool Temperate Wheat,2968,Da Wheat,Agriculture,68,Agricultural,Agricultural-Wheat,LF 80: Agriculture,Herbaceous / Nonvascular-dominated,Herbaceous - grassland,Annual Graminoid/Forb,250,227,163,0.98039200000,0.89019600000,0.63921600000
135,3979,806,Eastern Cool Temperate Aquaculture,2969,Da Aquaculture,Agriculture,69,Agricultural,Agricultual-Aquaculture,LF 80: Agriculture,Herbaceous / Nonvascular-dominated,Herbaceous - grassland,Annual Graminoid/Forb,210,255,237,0.82352900000,1.00000000000,0.92941200000
136,3990,11211,Eastern Warm Temperate Orchard,2960,Dab Orchard,Tree,60,Agricultural,Agricultural-Orchard,LF 80: Agriculture,Tree-dominated,Open tree canopy,Deciduous open tree canopy,210,28,94,0.82352900000,0.10980400000,0.36862700000
137,3991,129,Eastern Warm Temperate Vineyard,2961,Da Vineyard,Agriculture,61,Agricultural,Agricultural-Vineyard,LF 80: Agriculture,Shrub-dominated,Shrubland,Mixed evergreen-deciduous shrubland,168,0,132,0.65882400000,0.00000000000,0.51764700000
138,3992,1897,Eastern Warm Temperate Bush fruit and berries,2962,Dab Bush Fruit and Berries,Shrub,62,Agricultural,Agricultural-Bush fruit and berries,LF 80: Agriculture,Shrub-dominated,Shrubland,Mixed evergreen-deciduous shrubland,210,28,119,0.82352900000,0.10980400000,0.46666700000
139,3993,22496,Eastern Warm Temperate Row Crop - Close Grown Crop,2963,Da Row Crop - Close Grown Crop,Agriculture,63,Agricultural,Agricultural-Row Crop-Close Grown Crop,LF 80: Agriculture,Herbaceous / Nonvascular-dominated,Herbaceous - grassland,Annual Graminoid/Forb,255,245,140,1.00000000000,0.96078400000,0.54902000000
140,3994,5323031,Eastern Warm Temperate Row Crop,2964,Da Row Crop,Agriculture,64,Agricultural,Agricultural-Row Crop,LF 80: Agriculture,Herbaceous / Nonvascular-dominated,Herbaceous - grassland,Annual Graminoid/Forb,250,255,119,0.98039200000,1.00000000000,0.46666700000
141,3995,943820,Eastern Warm Temperate Close Grown Crop,2965,Da Close Grown Crop,Agriculture,65,Agricultural,Agricultural-Close Grown Crop,LF 80: Agriculture,Herbaceous / Nonvascular-dominated,Herbaceous - grassland,Annual Graminoid/Forb,255,237,119,1.00000000000,0.92941200000,0.46666700000
142,3996,1020346,Eastern Warm Temperate Fallow/Idle Cropland,2966,Dab Fallow/Idle Cropland,Herb,66,Agricultural,Agricultural-Fallow/Idle Cropland,LF 80: Agriculture,Herbaceous / Nonvascular-dominated,Herbaceous - grassland,Annual Graminoid/Forb,255,255,119,1.00000000000,1.00000000000,0.46666700000
143,3997,1080629,Eastern Warm Temperate Pasture and Hayland,2967,Dab Pasture and Hayland,Herb,67,Agricultural,Agricultural-Pasture and Hayland,LF 80: Agriculture,Herbaceous / Nonvascular-dominated,Herbaceous - grassland,Annual Graminoid/Forb,227,212,28,0.89019600000,0.83137300000,0.10980400000
144,3998,19524,Eastern Warm Temperate Wheat,2968,Da Wheat,Agriculture,68,Agricultural,Agricultural-Wheat,LF 80: Agriculture,Herbaceous / Nonvascular-dominated,Herbaceous - grassland,Annual Graminoid/Forb,250,227,163,0.98039200000,0.89019600000,0.63921600000
145,3999,1985,Eastern Warm Temperate Aquaculture,2969,Da Aquaculture,Agriculture,69,Agricultural,Agricultual-Aquaculture,LF 80: Agriculture,Herbaceous / Nonvascular-dominated,Herbaceous - grassland,Annual Graminoid/Forb,210,255,237,0.82352900000,1.00000000000,0.92941200000
